"timestamp","hashtags/0","type","isSponsored","ownerUsername","productType","alt","caption","locationId","url","locationName","ownerId","displayUrl","likesCount","commentsCount","id","ownerFullName"
"2023-10-22T01:14:51.000Z",,"Sidecar","false","predsnhl",,,"2 goals in 12 seconds 😮‍💨","3838","https://www.instagram.com/p/CyrqnD_Onxz/","Bridgestone Arena","413389774","https://scontent-lga3-2.cdninstagram.com/v/t51.2885-15/394406847_746282100698373_958272188591551231_n.jpg?stp=dst-jpg_e35_s1080x1080&_nc_ht=scontent-lga3-2.cdninstagram.com&_nc_cat=109&_nc_ohc=oSIqnRS9B9gAX-sYfyB&edm=AP_V10EBAAAA&ccb=7-5&oh=00_AfAXGWaidQfJIiBILQtAgSuVhMe5_pjel6XUxiC0Z0bOVQ&oe=654BCB8C&_nc_sid=2999b8","4952","17","3218853760981433459","Nashville Predators"
"2023-10-22T04:09:40.000Z",,"Video","false","predsnhl","clips",,"Pete Rogers Supremacy","3838","https://www.instagram.com/p/Cyr-k8SMFeM/","Bridgestone Arena","413389774","https://scontent-atl3-1.cdninstagram.com/v/t51.2885-15/394107690_312514668076270_1484268038504305998_n.jpg?stp=dst-jpg_e15&_nc_ht=scontent-atl3-1.cdninstagram.com&_nc_cat=110&_nc_ohc=R14vgOTlv-kAX_6VsDV&edm=AP_V10EBAAAA&ccb=7-5&oh=00_AfDyknPJl9DURptEOu6jqlYOe7IgPpbsdDZl6g_NiBS9pA&oe=654902AC&_nc_sid=2999b8","12569","78","3218941576200869772","Nashville Predators"
"2023-10-22T02:14:16.000Z",,"Sidecar","false","predsnhl",,,"LET THEM COOK","3838","https://www.instagram.com/p/CyrxaKfOENx/","Bridgestone Arena","413389774","https://instagram.fblq2-1.fna.fbcdn.net/v/t51.2885-15/394762113_1617895425403880_34787164157051898_n.jpg?stp=dst-jpg_e35_s1080x1080&_nc_ht=instagram.fblq2-1.fna.fbcdn.net&_nc_cat=108&_nc_ohc=19Kq7DKMvZEAX_rIBrQ&edm=AP_V10EBAAAA&ccb=7-5&oh=00_AfAVGSfIwCQVVQ4bzK1UVX1riN1g2ILpApG_go7ANCiDDg&oe=654BB479&_nc_sid=2999b8","2957","7","3218883660932989809","Nashville Predators"
"2023-10-21T19:01:04.000Z","Preds","Image","false","predsnhl",,,"The #Preds have claimed forward Liam Foudy on waivers from the Columbus Blue Jackets.",,"https://www.instagram.com/p/Cyq_1UHu9Q3/",,"413389774","https://scontent-lax3-1.cdninstagram.com/v/t51.2885-15/393479992_1384757075732884_251768864108692020_n.jpg?stp=dst-jpg_e35_p1080x1080&_nc_ht=scontent-lax3-1.cdninstagram.com&_nc_cat=104&_nc_ohc=d2X7sySLOdEAX_b451K&edm=AP_V10EBAAAA&ccb=7-5&oh=00_AfAbhXXhzXXNOk5PObYXlZO8mfTU1zSEsABsT2FNNp2Lsg&oe=654BE968&_nc_sid=2999b8","3317","25","3218665624376693815","Nashville Predators"
"2023-10-22T00:48:04.000Z",,"Sidecar","false","predsnhl",,,"WELCOME TO SMASHVILLE, SAMUEL FAGEMO!","3838","https://www.instagram.com/p/Cyrni51OYd3/","Bridgestone Arena","413389774","https://instagram.fcpq17-1.fna.fbcdn.net/v/t51.2885-15/393724387_735102092006427_1203594166308177795_n.jpg?stp=dst-jpg_e35_s1080x1080&_nc_ht=instagram.fcpq17-1.fna.fbcdn.net&_nc_cat=103&_nc_ohc=WHTNdKeg7IgAX-GlxY-&edm=AP_V10EBAAAA&ccb=7-5&oh=00_AfCNHY_Oy70xRRjlCusrsSbGyU1aw8iq02qn5eryVDgw5g&oe=654BAB50&_nc_sid=2999b8","4861","11","3218840281058740087","Nashville Predators"
"2023-10-21T14:19:39.000Z",,"Image","false","predsnhl",,,"IT’S GAME DAY!","3838","https://www.instagram.com/p/CyqfoMJuIUJ/","Bridgestone Arena","413389774","https://instagram.fbne9-1.fna.fbcdn.net/v/t51.2885-15/393697927_717400690428321_8797919394327753280_n.jpg?stp=dst-jpg_e35_p1080x1080&_nc_ht=instagram.fbne9-1.fna.fbcdn.net&_nc_cat=109&_nc_ohc=nUfJkNvSY8oAX-xBFVV&edm=AP_V10EBAAAA&ccb=7-5&oh=00_AfAW07Jzw4hCP52ZXlPYOV8CrqETb4XAvKI_VkXORrrw7Q&oe=654BC533&_nc_sid=2999b8","1819","6","3218523984978543881","Nashville Predators"
"2023-10-22T03:28:30.000Z",,"Image","false","predsnhl",,,"PREDS WIN!","3838","https://www.instagram.com/p/Cyr559eO8Yb/","Bridgestone Arena","413389774","https://instagram.fbdj4-1.fna.fbcdn.net/v/t51.2885-15/393652093_6975093665916875_1482459744172306360_n.jpg?stp=dst-jpg_e35&_nc_ht=instagram.fbdj4-1.fna.fbcdn.net&_nc_cat=111&_nc_ohc=u30oge2NJRYAX-p7h4d&edm=AP_V10EBAAAA&ccb=7-5&oh=00_AfAYr494Qu3CkKbwn1FBnWJUOrHaeB_eiv-lXKuXWLMR_g&oe=654C7B5F&_nc_sid=2999b8","2848","13","3218921030353143323","Nashville Predators"
"2023-10-22T02:31:38.000Z",,"Sidecar","false","predsnhl",,,"HE IS HIM","3838","https://www.instagram.com/p/CyrzZdYO6rN/","Bridgestone Arena","413389774","https://instagram.fosu2-2.fna.fbcdn.net/v/t51.2885-15/394577177_807378581165644_817393131458842421_n.jpg?stp=dst-jpg_e35_s1080x1080&_nc_ht=instagram.fosu2-2.fna.fbcdn.net&_nc_cat=104&_nc_ohc=jRZcnUGjqEIAX_ak4KT&edm=AP_V10EBAAAA&ccb=7-5&oh=00_AfA7nPt4kdktoNd5tSkrMYJpfR_vYTBHte9RPrGD37PZYA&oe=654B9ABD&_nc_sid=2999b8","12280","47","3218892408590412493","Nashville Predators"
"2023-10-21T23:46:23.000Z",,"Image","false","predsnhl",,,"IT’S SATURDAY NIGHT IN SMASHVILLE","3838","https://www.instagram.com/p/CyrgfEROooC/","Bridgestone Arena","413389774","https://instagram.flhr14-1.fna.fbcdn.net/v/t51.2885-15/395106500_886475772396110_7437011088653466064_n.jpg?stp=dst-jpg_e35_s1080x1080&_nc_ht=instagram.flhr14-1.fna.fbcdn.net&_nc_cat=102&_nc_ohc=KJWpNjArICwAX9DqZPg&edm=AP_V10EBAAAA&ccb=7-5&oh=00_AfBBEorIz85GA9koyE2zvp69Ft5MGYD1y2mmTbwVmK_55A&oe=654B0530&_nc_sid=2999b8","2103","6","3218809231062501890","Nashville Predators"
"2023-10-22T01:38:37.000Z",,"Image","false","predsnhl",,,"GORDIE HOWE HAT TRICK FOR KIEFER SHERWOOD","3838","https://www.instagram.com/p/CyrtVEOOUI0/","Bridgestone Arena","413389774","https://instagram.fhan18-1.fna.fbcdn.net/v/t51.2885-15/393963078_841087374169921_560821552271697386_n.jpg?stp=dst-jpg_e35&_nc_ht=instagram.fhan18-1.fna.fbcdn.net&_nc_cat=101&_nc_ohc=f0LbrvbQ4oEAX-MUPu8&edm=AP_V10EBAAAA&ccb=7-5&oh=00_AfCMfLyZOsA-mP9FELc4cpBUoxeojBkeZZkl1SawX2Vy4w&oe=654C75C8&_nc_sid=2999b8","4149","15","3218865718421963316","Nashville Predators"
"2023-10-20T00:51:42.000Z",,"Video","false","predsnhl","clips",,"FILIP 🫡","2082352","https://www.instagram.com/p/CymeWrBuie4/","Madison Square Garden","413389774","https://scontent-hou1-1.cdninstagram.com/v/t51.2885-15/393425273_1386407105563484_2515530343580758041_n.jpg?stp=dst-jpg_e15&_nc_ht=scontent-hou1-1.cdninstagram.com&_nc_cat=108&_nc_ohc=Kj42pZcCjAEAX-_DDKL&edm=AP_V10EBAAAA&ccb=7-5&oh=00_AfAzwB5LcODP_PY32SiNNAdGUiZiZwxObR54tH0zRG_YBQ&oe=6548818E&_nc_sid=2999b8","3159","23","3217392483226494904","Nashville Predators"
"2023-10-19T16:04:42.000Z",,"Sidecar","false","predsnhl",,,"📍 Madison Square Garden","2082352","https://www.instagram.com/p/CyliD6GxCGh/","Madison Square Garden","413389774","https://instagram.fwbw1-1.fna.fbcdn.net/v/t51.2885-15/393301446_765202798703833_1197477937990871970_n.jpg?stp=dst-jpg_e35_p1080x1080&_nc_ht=instagram.fwbw1-1.fna.fbcdn.net&_nc_cat=101&_nc_ohc=PwYnaSZsqlkAX8jPlFE&edm=AP_V10EBAAAA&ccb=7-5&oh=00_AfD8ViQZPcPxuJMq1Ghk6RUdc8NkcLxwRJGjty0sj-E93Q&oe=654C1174&_nc_sid=2999b8","2649","8","3217127310956437921","Nashville Predators"
"2023-10-18T01:01:25.000Z","NHLFaceOff","Video","false","nhl","clips",,"Mattias Ekholm (@matekh) gets a warm welcome back to Bridgestone Arena after 719 games with the @predsnhl. 💛 #NHLFaceOff",,"https://www.instagram.com/p/CyhVo8ru7SR/",,"19237590","https://instagram.fosu2-1.fna.fbcdn.net/v/t51.2885-15/391538322_635357325456475_6103985138237419327_n.jpg?stp=dst-jpg_e15&_nc_ht=instagram.fosu2-1.fna.fbcdn.net&_nc_cat=107&_nc_ohc=rMUiGiKIxugAX9ynquK&edm=AP_V10EBAAAA&ccb=7-5&oh=00_AfA45mECuW31dghJnRt90b4CtHpNRH6WhcW074hsg08bWA&oe=6548C3BA&_nc_sid=2999b8","19755","62","3215946781833278609","NHL"
"2023-10-20T00:25:38.000Z",,"Video","false","predsnhl","clips",,"O O O O’REILYYYYY","794643567398395","https://www.instagram.com/p/CymbPsLuN8y/","Madison Square Garden","413389774","https://scontent-atl3-1.cdninstagram.com/v/t51.2885-15/393394126_848409380298778_6016080040281565372_n.jpg?stp=dst-jpg_e15&_nc_ht=scontent-atl3-1.cdninstagram.com&_nc_cat=110&_nc_ohc=GaPVTHkmfcMAX-XXWNP&edm=AP_V10EBAAAA&ccb=7-5&oh=00_AfDtlzhIg2O3-AwGlZ9RB71chLykFg4w3GqNQWHGhattvg&oe=6548EE06&_nc_sid=2999b8","5250","34","3217378809292054322","Nashville Predators"
"2023-10-19T11:30:00.000Z",,"Image","false","predsnhl",,,"GAME DAY","2082352","https://www.instagram.com/p/CylCpHzvIEz/","Madison Square Garden","413389774","https://instagram.fkul4-2.fna.fbcdn.net/v/t51.2885-15/393258041_3559029974371929_6987049924962453861_n.jpg?stp=dst-jpg_e35_p1080x1080&_nc_ht=instagram.fkul4-2.fna.fbcdn.net&_nc_cat=109&_nc_ohc=wYVmsDje1I4AX9Eokje&edm=AP_V10EBAAAA&ccb=7-5&oh=00_AfD1DiQ1m_znU20rBWJjvn4qMTfUrwdJY1B2CjoPhWhSUg&oe=654B4AEE&_nc_sid=2999b8","1816","14","3216989130801840435","Nashville Predators"
"2023-10-17T15:47:14.000Z",,"Sidecar","false","predsnhl",,,"Welcome back, Ekky! 🥹","3838","https://www.instagram.com/p/CygWeLuuSGg/","Bridgestone Arena","413389774","https://scontent-mia3-2.cdninstagram.com/v/t51.2885-15/392795615_824790702663005_8187113633158985519_n.jpg?stp=dst-jpg_e15_fr_s1080x1080&_nc_ht=scontent-mia3-2.cdninstagram.com&_nc_cat=105&_nc_ohc=5uF6BgQbDO4AX_C7x64&edm=AP_V10EBAAAA&ccb=7-5&oh=00_AfDSrcQ7YxaDcfvoz934u6v9JeMLJ6-MrhVOpNcZ9vqFew&oe=65490024&_nc_sid=2999b8","8742","47","3215668965145125280","Nashville Predators"
"2023-10-20T12:20:00.000Z",,"Video","false","predsnhl","clips",,"No surprise here 🏆","2082352","https://www.instagram.com/p/CyntOD8utOy/","Madison Square Garden","413389774","https://scontent-dfw5-2.cdninstagram.com/v/t51.2885-15/393444215_3452715141708534_3316788241360868577_n.jpg?stp=dst-jpg_e15_fr_s1080x1080&_nc_ht=scontent-dfw5-2.cdninstagram.com&_nc_cat=106&_nc_ohc=1ie-AM752TYAX_mO54a&edm=AP_V10EBAAAA&ccb=7-5&oh=00_AfDT38TIylw1_TjA-4LWZok8Mj-YZbKPmEiKfWl_Nl-l1g&oe=654879F4&_nc_sid=2999b8","3260","9","3217739337185285042","Nashville Predators"
"2023-10-17T18:31:56.000Z",,"Sidecar","false","predsnhl",,,"Back on home ice!","3838","https://www.instagram.com/p/CygpUgwuFwS/","Bridgestone Arena","413389774","https://instagram.fagc1-1.fna.fbcdn.net/v/t51.2885-15/392904580_199414446510713_1894448010565046807_n.jpg?stp=dst-jpg_e35_s1080x1080&_nc_ht=instagram.fagc1-1.fna.fbcdn.net&_nc_cat=105&_nc_ohc=YYvJPqqQimwAX9MjQjm&edm=AP_V10EBAAAA&ccb=7-5&oh=00_AfB5WHGmqwXdqrmgK6V0wyzrNaJjTvzCD007GXEqHt0ypg&oe=654BBA9B&_nc_sid=2999b8","1829","12","3215751863416151058","Nashville Predators"
"2023-10-19T23:06:58.000Z",,"Image","false","predsnhl",,,"GAME TIME","794643567398395","https://www.instagram.com/p/CymSYk5OHs-/","Madison Square Garden","413389774","https://scontent-atl3-2.cdninstagram.com/v/t51.2885-15/393369835_258032420075246_2282880102476757131_n.jpg?stp=dst-jpg_e35_s1080x1080&_nc_ht=scontent-atl3-2.cdninstagram.com&_nc_cat=102&_nc_ohc=VzagWl70dugAX9iYiP8&edm=AP_V10EBAAAA&ccb=7-5&oh=00_AfCBrA5FqvrDGKJk7Jn7UwiKsCdpnX_AkoaR2-mk255gUQ&oe=654BAC2F&_nc_sid=2999b8","2068","8","3217339837522148158","Nashville Predators"
"2023-10-18T00:02:01.000Z",,"Sidecar","false","predsnhl",,,"IT’S HOCKEY TIME IN TENNESSEE","3838","https://www.instagram.com/p/CyhPGCNOivS/","Bridgestone Arena","413389774","https://scontent-den4-1.cdninstagram.com/v/t51.2885-15/392906251_582539297290926_8658003054479422689_n.jpg?stp=dst-jpg_e35_s1080x1080&_nc_ht=scontent-den4-1.cdninstagram.com&_nc_cat=106&_nc_ohc=b2dA2ib5uXAAX9pelVL&edm=AP_V10EBAAAA&ccb=7-5&oh=00_AfDwbpCPvB_9GoM5VkoXbM2l1nau5jo7YYbMlU4ZOhuyKw&oe=654C6EFE&_nc_sid=2999b8","4421","18","3215917994303171538","Nashville Predators"
"2023-10-19T23:58:17.000Z",,"Sidecar","false","predsnhl",,,"GOAL SMITH 😮‍💨","2082352","https://www.instagram.com/p/CymYQfVuq_y/","Madison Square Garden","413389774","https://instagram.fbth5-1.fna.fbcdn.net/v/t51.2885-15/393393928_1066543567693555_1187058444514860113_n.jpg?stp=dst-jpg_e35_s1080x1080&_nc_ht=instagram.fbth5-1.fna.fbcdn.net&_nc_cat=107&_nc_ohc=PpmKeuR5le0AX9eMuaw&edm=AP_V10EBAAAA&ccb=7-5&oh=00_AfAptuD9_UqetcSpnJYGCvZUW9PnqqnRU_U53UITKBVB2A&oe=654BA29F&_nc_sid=2999b8","3204","11","3217365670081245170","Nashville Predators"
"2023-10-17T13:03:56.000Z",,"Image","false","predsnhl",,,"🗣️ IT’S GAME DAY","3838","https://www.instagram.com/p/CygDyIrubWX/","Bridgestone Arena","413389774","https://instagram.fgyn11-1.fna.fbcdn.net/v/t51.2885-15/393236501_716022226629754_3387573040130404509_n.jpg?stp=dst-jpg_e35_p1080x1080&_nc_ht=instagram.fgyn11-1.fna.fbcdn.net&_nc_cat=110&_nc_ohc=6_iloz-Xmf0AX8qXUy0&edm=AP_V10EBAAAA&ccb=7-5&oh=00_AfC9Bl84_KGEdCEtm0E5wdrducasSaetSutkSBm_4p2nVQ&oe=654B77DC&_nc_sid=2999b8","2121","9","3215586773379429783","Nashville Predators"
"2023-10-20T01:47:23.000Z",,"Image","false","predsnhl",,,"found: the quit in NY","2082352","https://www.instagram.com/p/CymkvmkOlkC/","Madison Square Garden","413389774","https://scontent-dfw5-1.cdninstagram.com/v/t51.2885-15/394250975_970358220704751_8259518162059346407_n.jpg?stp=dst-jpg_e35_s1080x1080&_nc_ht=scontent-dfw5-1.cdninstagram.com&_nc_cat=103&_nc_ohc=mFnjxFrNkY4AX-ojKE_&edm=AP_V10EBAAAA&ccb=7-5&oh=00_AfBv5Mw1Tf76nIKtM1TYkn7S74fpR4d9vXxZcgM2ZOFc4w&oe=654B839A&_nc_sid=2999b8","7041","39","3217420584702597378","Nashville Predators"
"2023-10-18T00:26:52.000Z",,"Video","false","predsnhl","clips",,"Welcome back Ekky 💛",,"https://www.instagram.com/p/CyhR3srrAO_/",,"413389774","https://scontent-lax3-2.cdninstagram.com/v/t51.2885-15/393049430_815970966975559_7963920782460481322_n.jpg?stp=dst-jpg_e15&_nc_ht=scontent-lax3-2.cdninstagram.com&_nc_cat=107&_nc_ohc=KRJA9ofPXiIAX9i014L&edm=AP_V10EBAAAA&ccb=7-5&oh=00_AfAUksO3SVQpSYuHlUhi1yI4OkMI6_HwkftHEQmkEKjQcw&oe=65489CE1&_nc_sid=2999b8","5078","51","3215930203258487743","Nashville Predators"
"2023-10-16T17:12:15.000Z",,"Sidecar","false","predsnhl",,,"Back to work.","3838","https://www.instagram.com/p/Cyd7aA-uF2e/","Bridgestone Arena","413389774","https://instagram.fgdl1-3.fna.fbcdn.net/v/t51.2885-15/393058243_2068736730125887_6089309108992821700_n.jpg?stp=dst-jpg_e35_s1080x1080&_nc_ht=instagram.fgdl1-3.fna.fbcdn.net&_nc_cat=107&_nc_ohc=TX3G1IondlsAX9v8LTY&edm=AP_V10EBAAAA&ccb=7-5&oh=00_AfBXLrD6XcUV-_nTXETXKUwgv4Nltva4WX90CPSi5n0Ygg&oe=654C0007&_nc_sid=2999b8","2901","11","3214986981515222430","Nashville Predators"
"2023-10-15T21:52:42.000Z",,"Sidecar","false","predsnhl",,,"Just means more 💛","3838","https://www.instagram.com/p/Cyb2tPrOzPg/","Bridgestone Arena","413389774","https://scontent-ord5-1.cdninstagram.com/v/t51.2885-15/393104754_292107863711459_6113344743548711168_n.jpg?stp=dst-jpg_e35_s1080x1080&_nc_ht=scontent-ord5-1.cdninstagram.com&_nc_cat=111&_nc_ohc=BakWssJHJDEAX_UMhjO&edm=AP_V10EBAAAA&ccb=7-5&oh=00_AfBMchXsM14X0haGuyqNx7o-_Zxc9hJPuvWBOqmsdn5uGw&oe=654B8865&_nc_sid=2999b8","6452","10","3214403362778461152","Nashville Predators"
"2023-10-16T21:05:44.000Z",,"Video","false","predsnhl","clips",,"auto pilot? easy enough 👨‍✈️","3838","https://www.instagram.com/p/CyeWEVjuzkd/","Bridgestone Arena","413389774","https://instagram.fmex12-1.fna.fbcdn.net/v/t51.2885-15/391530590_267218555750988_6691447109631450390_n.jpg?stp=dst-jpg_e15&_nc_ht=instagram.fmex12-1.fna.fbcdn.net&_nc_cat=100&_nc_ohc=o7U9_bJYevoAX8loEkU&edm=AP_V10EBAAAA&ccb=7-5&oh=00_AfCurxP8Ew4hmnscg0wGtswhY58l4HmZSHYgbaqVfG6Rrg&oe=6548A976&_nc_sid=2999b8","6162","31","3215104239038314781","Nashville Predators"
"2023-10-13T14:22:45.000Z",,"Video","false","predsnhl","clips",,"First win for Trotz. First win for Coach. First win of the season for Smashville.","3838","https://www.instagram.com/p/CyV5gHnOFCx/","Bridgestone Arena","413389774","https://instagram.fsdu37-1.fna.fbcdn.net/v/t51.2885-15/391514946_859268805838719_6572709734455717140_n.jpg?stp=dst-jpg_e15_fr_s1080x1080&_nc_ht=instagram.fsdu37-1.fna.fbcdn.net&_nc_cat=103&_nc_ohc=wqxRkvp9fLQAX9Eyd_7&edm=AP_V10EBAAAA&ccb=7-5&oh=00_AfCxLYyY7-ksy7K1M2udhQU_DN9RYfa3UD3zjaWNoISgCg&oe=6548A9E8&_nc_sid=2999b8","8217","54","3212726805047300273","Nashville Predators"
"2023-10-14T21:25:07.000Z",,"Sidecar","false","predsnhl",,,"📍 Boston","213312396","https://www.instagram.com/p/CyZOwQfO_OW/","TD Garden","413389774","https://scontent-mia3-2.cdninstagram.com/v/t51.2885-15/391179219_700425341946969_7201621791225591788_n.jpg?stp=dst-jpg_e35_p1080x1080&_nc_ht=scontent-mia3-2.cdninstagram.com&_nc_cat=109&_nc_ohc=xHjn4eQOH6QAX-rcJvh&edm=AP_V10EBAAAA&ccb=7-5&oh=00_AfA2pKFVn_CkmjSb5-O9iKetdnwap-u7wuEfxB9UIKCx3A&oe=654B3BEF&_nc_sid=2999b8","2763","19","3213664697995490198","Nashville Predators"
"2023-10-14T15:57:16.000Z",,"Image","false","predsnhl",,,"HAPPY GAME DAY","213312396","https://www.instagram.com/p/CyYpPAFuxDd/","TD Garden","413389774","https://instagram.fbog11-1.fna.fbcdn.net/v/t51.2885-15/393093749_3723616717925442_4424195836782137172_n.jpg?stp=dst-jpg_e35_s1080x1080&_nc_ht=instagram.fbog11-1.fna.fbcdn.net&_nc_cat=106&_nc_ohc=t9HNkwZ223UAX8UUkLd&edm=AP_V10EBAAAA&ccb=7-5&oh=00_AfBk36jQsWzmCdfsSv2WYTC-oTaOJ8cOZ8A0VXt3oWHjCg&oe=654C1426&_nc_sid=2999b8","1395","1","3213499684924100829","Nashville Predators"
"2023-10-13T16:42:43.000Z",,"Image","false","predsnhl",,,"On to Boston ✈️","212982521","https://www.instagram.com/p/CyWJpEsO2BA/","Nashville International Airport","413389774","https://instagram.fsmr2-1.fna.fbcdn.net/v/t51.2885-15/390819491_1003732477412597_4738128211837729612_n.jpg?stp=dst-jpg_e35_p1080x1080&_nc_ht=instagram.fsmr2-1.fna.fbcdn.net&_nc_cat=105&_nc_ohc=fekGME7LxfYAX9flo9p&edm=AP_V10EBAAAA&ccb=7-5&oh=00_AfD9MwB2UXfUE6fy-maN7GcmsM2SjgWHHnwhsJNmNH6SuQ&oe=654B1B44&_nc_sid=2999b8","2786","10","3212797789129629760","Nashville Predators"
"2023-10-14T23:29:34.000Z",,"Sidecar","false","predsnhl",,,"SIS‼️","213312396","https://www.instagram.com/p/CyZc_umOUCM/","TD Garden","413389774","https://instagram.fbog10-1.fna.fbcdn.net/v/t51.2885-15/391214101_161839190332464_7974439896883396893_n.jpg?stp=dst-jpg_e35_s1080x1080&_nc_ht=instagram.fbog10-1.fna.fbcdn.net&_nc_cat=100&_nc_ohc=xkdtsXc656sAX_NPw38&edm=AP_V10EBAAAA&ccb=7-5&oh=00_AfC0p16LQivoxEXka7v8k-XTwT532RyNn4Y3M6IBI3vt6A&oe=654B56B0&_nc_sid=2999b8","2931","4","3213727333768315020","Nashville Predators"
"2023-10-15T00:56:12.000Z",,"Sidecar","false","predsnhl",,,"COLTON SISSONS. AGAIN‼️","213312396","https://www.instagram.com/p/CyZm6RYMnVD/","TD Garden","413389774","https://instagram.fbog2-5.fna.fbcdn.net/v/t51.2885-15/391393080_3141637209464301_1456497215527789484_n.jpg?stp=dst-jpg_e35_s1080x1080&_nc_ht=instagram.fbog2-5.fna.fbcdn.net&_nc_cat=109&_nc_ohc=WrdiZ7h4g4AAX_fOYZU&edm=AP_V10EBAAAA&ccb=7-5&oh=00_AfB2ovAayn3-Xajr7L5vNJFUkDUbMtaculM48bkTzWeWxA&oe=654CDB60&_nc_sid=2999b8","2978","90","3213770939262203203","Nashville Predators"
"2023-10-14T12:02:42.000Z",,"Image","false","predsnhl",,,"It’s GAME DAY","222436613","https://www.instagram.com/p/CyYOZESOrIZ/","TD Garden","413389774","https://scontent-sjc3-1.cdninstagram.com/v/t51.2885-15/391041221_3115727168558480_3064104335407169870_n.jpg?stp=dst-jpg_e35_p1080x1080&_nc_ht=scontent-sjc3-1.cdninstagram.com&_nc_cat=108&_nc_ohc=IYPnrUrpYfwAX8Sfg8C&edm=AP_V10EBAAAA&ccb=7-5&oh=00_AfD9ftQjxHcZBhD8L8SU5CuYAn7v7c4yM41XU4OqfaGImw&oe=654BC7CE&_nc_sid=2999b8","1972","7","3213381629367726617","Nashville Predators"
"2023-10-13T02:47:36.000Z",,"Image","false","predsnhl",,,"PREDS WIN‼️","3838","https://www.instagram.com/p/CyUqEasuhbQ/","Bridgestone Arena","413389774","https://instagram.fhan20-1.fna.fbcdn.net/v/t51.2885-15/391006624_316103137701721_8551908359957926517_n.jpg?stp=dst-jpg_e35_s1080x1080&_nc_ht=instagram.fhan20-1.fna.fbcdn.net&_nc_cat=101&_nc_ohc=2NBBfA7UyBcAX-UwZkp&edm=AP_V10EBAAAA&ccb=7-5&oh=00_AfC_TNEiLefPYTw77FOyUEe9UuNoSUZVgC4ZMp70syjdqw&oe=654CD541&_nc_sid=2999b8","4307","33","3212377455721060048","Nashville Predators"
"2023-10-13T01:38:03.000Z",,"Sidecar","false","predsnhl",,,"SIS WITH THE SHORTY","3838","https://www.instagram.com/p/CyUiHC2uFTo/","Bridgestone Arena","413389774","https://scontent-lhr8-1.cdninstagram.com/v/t51.2885-15/391243358_587380320107792_1786577828226881144_n.jpg?stp=dst-jpg_e35_s1080x1080&_nc_ht=scontent-lhr8-1.cdninstagram.com&_nc_cat=108&_nc_ohc=RJroMs1jXWYAX8keP4P&edm=AP_V10EBAAAA&ccb=7-5&oh=00_AfCrkrZEPfKFPtBxIuxTbdB3LA9QZovlncUHIb0ANJcHhg&oe=654CB698&_nc_sid=2999b8","6332","21","3212342451905254632","Nashville Predators"
"2023-10-13T02:26:03.000Z",,"Sidecar","false","predsnhl",,,"🚌 GUS BUS","3838","https://www.instagram.com/p/CyUnmoTOuHJ/","Bridgestone Arena","413389774","https://instagram.fmex12-1.fna.fbcdn.net/v/t51.2885-15/387721220_1338593303710658_4730021416534613191_n.jpg?stp=dst-jpg_e35_s1080x1080&_nc_ht=instagram.fmex12-1.fna.fbcdn.net&_nc_cat=102&_nc_ohc=9dUTdfOL12MAX-tduOt&edm=AP_V10EBAAAA&ccb=7-5&oh=00_AfAJSiCPmTYWP_rZd2hZ6-veIAmg0-sFLkrcq2saGjcpBw&oe=654C48D0&_nc_sid=2999b8","5054","26","3212366612648354249","Nashville Predators"
"2023-10-13T00:24:07.000Z",,"Video","false","predsnhl","clips",,"READY TO RUN THRU A WALL","3838","https://www.instagram.com/p/CyUZl7MM_CV/","Bridgestone Arena","413389774","https://scontent-ord5-1.cdninstagram.com/v/t51.2885-15/391208716_225885070257369_360321587280662358_n.jpg?stp=dst-jpg_e15&_nc_ht=scontent-ord5-1.cdninstagram.com&_nc_cat=109&_nc_ohc=2teEFgLGay4AX_L5Omz&edm=AP_V10EBAAAA&ccb=7-5&oh=00_AfD-OV201v-g6W0QuOWfTMZnm3zl9pg6ru1fLP1aydddQw&oe=6548AC94&_nc_sid=2999b8","4540","36","3212304991560921237","Nashville Predators"
"2023-10-12T23:51:12.000Z",,"Sidecar","false","predsnhl",,,"🗣️ LET’S 🗣️ PLAY 🗣️ HOCKEY","3838","https://www.instagram.com/p/CyUV4gbMw4Q/","Bridgestone Arena","413389774","https://instagram.fmli1-1.fna.fbcdn.net/v/t51.2885-15/387726324_333253809281425_1334902795128753043_n.jpg?stp=dst-jpg_e35&_nc_ht=instagram.fmli1-1.fna.fbcdn.net&_nc_cat=101&_nc_ohc=0bKModV9c-4AX8sDVn8&edm=AP_V10EBAAAA&ccb=7-5&oh=00_AfAAhut8BBXmAAg_FdL2is8kjFg4g5WvBpgw4hWQHahXrg&oe=654BB813&_nc_sid=2999b8","3811","7","3212288676305505808","Nashville Predators"
"2023-10-12T16:19:12.000Z",,"Image","false","predsnhl",,,"WE’RE BACK","3838","https://www.instagram.com/p/CyTiJ62ua44/","Bridgestone Arena","413389774","https://instagram.fman2-2.fna.fbcdn.net/v/t51.2885-15/391272092_4345507892341447_9046390513303875825_n.jpg?stp=dst-jpg_e35_p1080x1080&_nc_ht=instagram.fman2-2.fna.fbcdn.net&_nc_cat=107&_nc_ohc=zQQNIVc0uscAX9C01lA&edm=AP_V10EBAAAA&ccb=7-5&oh=00_AfAj42lebhSAChzcj4Onm3K8j99NYL1yjVoK3MnYkoL0Zg&oe=654C26D9&_nc_sid=2999b8","2698","14","3212061174497127992","Nashville Predators"
"2023-10-12T13:00:26.000Z",,"Image","false","predsnhl",,,"IT’S FINALLY HERE","3838","https://www.instagram.com/p/CyTLaEVuOfm/","Bridgestone Arena","413389774","https://instagram.fbeg2-1.fna.fbcdn.net/v/t51.2885-15/391264961_731183355510037_4676251591523963741_n.jpg?stp=dst-jpg_e35_p1080x1080&_nc_ht=instagram.fbeg2-1.fna.fbcdn.net&_nc_cat=101&_nc_ohc=6os-LFfI0uEAX_DFJWR&edm=AP_V10EBAAAA&ccb=7-5&oh=00_AfD6RbWz1Pdn-v8YkAfrLDUDsfj4yeaaUeDdONaV0Zp0hg&oe=654CD233&_nc_sid=2999b8","2771","26","3211961129122719718","Nashville Predators"
"2023-10-12T22:16:56.000Z",,"Video","false","predsnhl","clips",,"Fit check","3838","https://www.instagram.com/p/CyULDG0uUq_/","Bridgestone Arena","413389774","https://scontent-iad3-1.cdninstagram.com/v/t51.2885-15/387714457_154527621014414_384969353321498998_n.jpg?stp=dst-jpg_e15_fr_p1080x1080&_nc_ht=scontent-iad3-1.cdninstagram.com&_nc_cat=102&_nc_ohc=EDnds0XxrIIAX9BS4ke&edm=AP_V10EBAAAA&ccb=7-5&oh=00_AfDQoYcYs-FEMCrkz94ESt9h0Troa70Stid6SgWOqPhiWg&oe=65486228&_nc_sid=2999b8","6285","33","3212241026219068095","Nashville Predators"
"2023-10-12T18:25:02.000Z",,"Image","false","predsnhl",,,"📍 Commerce and Rosa L Parks","106220079409935","https://www.instagram.com/p/CyTwjjzui2V/","Nashville, Tennessee","413389774","https://scontent-iad3-1.cdninstagram.com/v/t51.2885-15/390954910_258019636728020_1217890251930063982_n.jpg?stp=dst-jpg_e35_s1080x1080&_nc_ht=scontent-iad3-1.cdninstagram.com&_nc_cat=108&_nc_ohc=XDFooeAdACcAX9hSJpN&edm=AP_V10EBAAAA&ccb=7-5&oh=00_AfBGKhvsQpj0LaR57DxFvrH_IgRdmvpKtt6GMkBOfDbuEw&oe=654BF0AB&_nc_sid=2999b8","4844","16","3212124509108317589","Nashville Predators"
"2023-10-11T18:27:27.000Z",,"Sidecar","false","predsnhl",,,"We’re celebrating 25 years of SMASHVILLE! 

Reply with your favorite memories so far ⬇️","3838","https://www.instagram.com/p/CyRMCYDOgUK/","Bridgestone Arena","413389774","https://instagram.fdet1-1.fna.fbcdn.net/v/t51.2885-15/391048577_251796171182218_2816386952846435483_n.jpg?stp=dst-jpg_e35_s1080x1080&_nc_ht=instagram.fdet1-1.fna.fbcdn.net&_nc_cat=110&_nc_ohc=h7MN1fxylWgAX_5mU5b&edm=AP_V10EBAAAA&ccb=7-5&oh=00_AfAJWS1t7dCtzFmibeMnMyV8U22f9WpXimn1Ciq2Vdgjmw&oe=654BBF71&_nc_sid=2999b8","9270","87","3211400949112898826","Nashville Predators"
"2023-10-12T21:58:53.000Z",,"Sidecar","false","predsnhl",,,"TOO CUTE","3838","https://www.instagram.com/p/CyUJB6OuUyy/","Bridgestone Arena","413389774","https://instagram.fmrd1-2.fna.fbcdn.net/v/t51.2885-15/387790229_1040824813606971_6194106484731786089_n.jpg?stp=dst-jpg_e35_s1080x1080&_nc_ht=instagram.fmrd1-2.fna.fbcdn.net&_nc_cat=103&_nc_ohc=2hpalGKGBaQAX9mke5z&edm=AP_V10EBAAAA&ccb=7-5&oh=00_AfDDN109I0ef1zkiQP_KUJ9ENaJzMzCu5MI0N8zBjxNrFw&oe=654C15D7&_nc_sid=2999b8","5415","26","3212232147884133554","Nashville Predators"
"2023-10-11T21:34:15.000Z",,"Sidecar","false","usmnt",,,"gg, @predsnhl 🎮","106220079409935","https://www.instagram.com/p/CyRhanPLqAT/","Nashville, Tennessee","226991466","https://instagram.fcen1-1.fna.fbcdn.net/v/t39.30808-6/386545994_18391252543047467_7893862909549088910_n.jpg?stp=dst-jpg_e35_p1080x1080_sh0.08&_nc_ht=instagram.fcen1-1.fna.fbcdn.net&_nc_cat=111&_nc_ohc=PAy2Zo-mrAEAX-rQ0dr&edm=AP_V10EAAAAA&ccb=7-5&oh=00_AfBFF3DtwUvL0QX89aEzYiTLt30wj0zrZb9UTB7S_3RcXQ&oe=654B315D&_nc_sid=2999b8","10735","43","3211494973663780883","U.S. Soccer MNT"
"2023-10-14T16:23:39.000Z",,"Video","false","predsnhl","clips",,"🦉 🦉 🦉","213312396","https://www.instagram.com/p/CyYsHqoO_L8/","TD Garden","413389774","https://scontent-cpt1-1.cdninstagram.com/v/t51.2885-15/387270644_654271893480659_9148162098407639296_n.jpg?stp=dst-jpg_e15&_nc_ht=scontent-cpt1-1.cdninstagram.com&_nc_cat=111&_nc_ohc=mkWml9b19UoAX845cdo&edm=AP_V10EBAAAA&ccb=7-5&oh=00_AfD6a0qZQ7Z3ERKBAIjDTSUjxBVJmb-Ro_ZYEqTDZv2hwg&oe=6548DDFF&_nc_sid=2999b8","6720","28","3213512374983848700","Nashville Predators"
"2023-10-10T23:48:15.000Z",,"Sidecar","false","predsnhl",,,"NOVY 🤯","2678028","https://www.instagram.com/p/CyPL9GlM3PK/","Amalie Arena","413389774","https://scontent-cdg4-1.cdninstagram.com/v/t51.2885-15/387661960_295613933267858_23193439319508551_n.jpg?stp=dst-jpg_e35_s1080x1080&_nc_ht=scontent-cdg4-1.cdninstagram.com&_nc_cat=102&_nc_ohc=uE_52r19HoIAX-sSY_D&edm=AP_V10EBAAAA&ccb=7-5&oh=00_AfAtMcQM_1daglPkiTnweqcUgeypkH8bl0iDmPZfA_8klA&oe=654B083A&_nc_sid=2999b8","5125","87","3210837636804735946","Nashville Predators"
"2023-10-10T23:31:34.000Z",,"Video","false","predsnhl","clips",,"THIS. LINE. 🔥","2678028","https://www.instagram.com/p/CyPKAsaOuXe/","Amalie Arena","413389774","https://instagram.flim19-1.fna.fbcdn.net/v/t51.2885-15/387722773_327461033299803_6119231819063089222_n.jpg?stp=dst-jpg_e15&_nc_ht=instagram.flim19-1.fna.fbcdn.net&_nc_cat=103&_nc_ohc=H37FAXeBv1oAX98aTFN&edm=AP_V10EBAAAA&ccb=7-5&oh=00_AfCqCFc69AUA3xH0m4xcpSIZtOgN_83JArdA6JM2WUDMrg&oe=6548601E&_nc_sid=2999b8","5889","40","3210829087488271838","Nashville Predators"
"2023-10-08T16:44:11.000Z",,"Image","false","predsnhl",,,"SO CLOSE","3838","https://www.instagram.com/p/CyJR1emOwI7/","Bridgestone Arena","413389774","https://instagram.fyhu2-1.fna.fbcdn.net/v/t51.2885-15/387685353_702751575121874_3502712257044825764_n.jpg?stp=dst-jpg_e35_p1080x1080&_nc_ht=instagram.fyhu2-1.fna.fbcdn.net&_nc_cat=102&_nc_ohc=NY3SF7PVDg8AX_WTb9j&edm=AP_V10EBAAAA&ccb=7-5&oh=00_AfCbCSB7pxwaoG9LulyEGj5d8kQ5RCCDpTusAdKUL831FA&oe=654C6780&_nc_sid=2999b8","1659","8","3209174651254800955","Nashville Predators"
"2023-10-10T23:06:37.000Z",,"Sidecar","false","predsnhl",,,"FIRST OF THE SEASON, FIRST AS A PRED 👏","2678028","https://www.instagram.com/p/CyPHMP9uWlu/","Amalie Arena","413389774","https://instagram.fsgn2-9.fna.fbcdn.net/v/t51.2885-15/387727655_1440160163196375_4243905714646546348_n.jpg?stp=dst-jpg_e35_s1080x1080&_nc_ht=instagram.fsgn2-9.fna.fbcdn.net&_nc_cat=103&_nc_ohc=55K7kTA0igYAX8kUhqt&edm=AP_V10EBAAAA&ccb=7-5&oh=00_AfC2u5dYYCeiNGQSwF4trsKh0-l3Lts5BSk0Whk1Wl1CVQ&oe=654B4AD0&_nc_sid=2999b8","13265","49","3210816687439440238","Nashville Predators"
"2023-10-09T17:54:14.000Z",,"Sidecar","false","predsnhl",,,"Let’s get this season started 👏","212982521","https://www.instagram.com/p/CyL-pXou2y5/","Nashville International Airport","413389774","https://scontent-ord5-2.cdninstagram.com/v/t51.2885-15/387268611_633970788623275_4561137691462004378_n.jpg?stp=dst-jpg_e35_s1080x1080&_nc_ht=scontent-ord5-2.cdninstagram.com&_nc_cat=107&_nc_ohc=ZaKPytAyJ2UAX9111Ot&edm=AP_V10EBAAAA&ccb=7-5&oh=00_AfCt3p7LptenGZum070w-SoUt5Bw-xzoEuJw0JaXsYYn_w&oe=654B1A43&_nc_sid=2999b8","3093","16","3209934681193278649","Nashville Predators"
"2023-10-10T14:14:38.000Z",,"Image","false","nashvillesc",,,"Ready for the puck drop in Smashville 🏒 Good luck this season, @predsnhl","106220079409935","https://www.instagram.com/p/CyOKT0zOmym/","Nashville, Tennessee","3824089459","https://instagram.fblr22-1.fna.fbcdn.net/v/t51.2885-15/391156453_693147106104913_2937452300620604965_n.jpg?stp=dst-jpg_e35_p1080x1080&_nc_ht=instagram.fblr22-1.fna.fbcdn.net&_nc_cat=101&_nc_ohc=PdoKdEgKKJsAX-cYl2_&edm=AP_V10EBAAAA&ccb=7-5&oh=00_AfDEf-1IgVNScyP4jaUBFSEvm1Dd94xN2qz23wem_iNIoQ&oe=654C0A91&_nc_sid=2999b8","1745","7","3210548927190953126","Nashville Soccer Club"
"2023-10-09T14:00:46.000Z",,"Image","false","predsnhl",,,"TOMORROW TOMORROW TOMORROW","3838","https://www.instagram.com/p/CyLj7XfOSsk/","Bridgestone Arena","413389774","https://instagram.fwzy1-1.fna.fbcdn.net/v/t51.2885-15/386904570_1390327741611575_7726607570787204793_n.jpg?stp=dst-jpg_e35_p1080x1080&_nc_ht=instagram.fwzy1-1.fna.fbcdn.net&_nc_cat=111&_nc_ohc=sRjdtxoF_QEAX8qQylu&edm=AP_V10EBAAAA&ccb=7-5&oh=00_AfCuwQUazJuIR080eVqjl7qOWO5OXlFg_2CZtuKwvFP-jQ&oe=654C541A&_nc_sid=2999b8","3572","18","3209817170728528676","Nashville Predators"
"2023-10-10T19:18:02.000Z",,"Sidecar","false","predsnhl",,,"Opening Night fit check","2678028","https://www.instagram.com/p/CyOtB9lO2Rk/","Amalie Arena","413389774","https://instagram.fosu2-2.fna.fbcdn.net/v/t51.2885-15/387268911_831380855128283_4910080437241645386_n.jpg?stp=dst-jpg_e35_p1080x1080&_nc_ht=instagram.fosu2-2.fna.fbcdn.net&_nc_cat=111&_nc_ohc=mFtOgm9bbq0AX9sddpJ&edm=AP_V10EBAAAA&ccb=7-5&oh=00_AfCxpHditb8BC-BfYl-qJJ9DN1Ak2Yd0Imx91AOQAsr9XQ&oe=654B933E&_nc_sid=2999b8","4147","25","3210701631297119332","Nashville Predators"
"2023-10-09T22:59:33.000Z",,"Image","false","predsnhl",,,"Our Opening Night roster 🫡","2678028","https://www.instagram.com/p/CyMhllSuKoa/","Amalie Arena","413389774","https://z-p4-instagram.fcmb3-2.fna.fbcdn.net/v/t51.2885-15/387265348_1383160375613698_1884116237430408547_n.jpg?stp=dst-jpg_e35&_nc_ht=z-p4-instagram.fcmb3-2.fna.fbcdn.net&_nc_cat=110&_nc_ohc=wHnvTN8cUWsAX-kr-wd&edm=AP_V10EBAAAA&ccb=7-5&oh=00_AfA6guYzAgWCzz5anLurGQ99_XYwZLe6KV6lLptxQj0Wrg&oe=654B7F12&_nc_sid=2999b8","6567","59","3210088352606366234","Nashville Predators"
"2023-10-13T02:42:28.000Z",,"Sidecar","false","predsnhl",,,"🗣️ JUUUUUICE","3838","https://www.instagram.com/p/CyUpe2GuCP-/","Bridgestone Arena","413389774","https://scontent-den4-1.cdninstagram.com/v/t51.2885-15/390960079_858427115953001_4552080694870744065_n.jpg?stp=dst-jpg_e15&_nc_ht=scontent-den4-1.cdninstagram.com&_nc_cat=105&_nc_ohc=BRAWdpQUyXMAX-9wq6f&edm=AP_V10EBAAAA&ccb=7-5&oh=00_AfDDJ68eYkByg7Zy82CYbfphzOp79a7c-yqqR8hcJ_9IgQ&oe=6548ED87&_nc_sid=2999b8","10179","56","3212374873808053246","Nashville Predators"
"2023-10-02T19:10:53.000Z",,"Image","false","predsnhl",,,"Welcome to Smashville Samuel!",,"https://www.instagram.com/p/Cx6F2l8peTl/",,"413389774","https://instagram.fyhz1-1.fna.fbcdn.net/v/t51.2885-15/386411582_2253712661495017_3616799892251327167_n.jpg?stp=dst-jpg_e35_p1080x1080&_nc_ht=instagram.fyhz1-1.fna.fbcdn.net&_nc_cat=101&_nc_ohc=aNobdNmBXfoAX-TZcq9&edm=AP_V10EBAAAA&ccb=7-5&oh=00_AfDHg0IcV7x-h9ddahX021KVx_NGc6KW7mPnNrkyawejrw&oe=654C7D65&_nc_sid=2999b8","3370","42","3204899826657780965","Nashville Predators"
"2023-10-05T13:01:35.000Z",,"Image","false","predsnhl",,,"It’s Hispanic Heritage Night in Smashville!","3838","https://www.instagram.com/p/CyBJ-ZkuIJf/","Bridgestone Arena","413389774","https://scontent-ssn1-1.cdninstagram.com/v/t51.2885-15/386911091_318045554275616_4721595169157158724_n.jpg?stp=dst-jpg_e35_p1080x1080&_nc_ht=scontent-ssn1-1.cdninstagram.com&_nc_cat=108&_nc_ohc=AIiI9OVZXDAAX-512Ve&edm=AP_V10EBAAAA&ccb=7-5&oh=00_AfDEG-yeDSG-c-ST3nyfVFaGR0UlUIvAp937ApDx20e4Vg&oe=654BB2F1&_nc_sid=2999b8","1820","25","3206888280150278751","Nashville Predators"
"2023-10-01T14:36:58.000Z",,"Image","false","predsnhl",,,"SINGLE DIGITS","3838","https://www.instagram.com/p/Cx3Btewuv0F/","Bridgestone Arena","413389774","https://scontent-itm1-1.cdninstagram.com/v/t51.2885-15/385547208_708782407776340_8783216655716652785_n.jpg?stp=dst-jpg_e35_p1080x1080&_nc_ht=scontent-itm1-1.cdninstagram.com&_nc_cat=104&_nc_ohc=Q5aFF7-ydmcAX-GE66A&edm=AP_V10EBAAAA&ccb=7-5&oh=00_AfBx_ShX4vuwQgDOTAtWxCoiR5ayJtp7JYAuOZqCJGMCjA&oe=654C0950&_nc_sid=2999b8","1883","16","3204037183350177029","Nashville Predators"
"2023-10-06T13:35:00.000Z",,"Image","false","predsnhl",,,"🗣️ FOUR 🗣️ DAYS 🗣️ AWAY","3838","https://www.instagram.com/p/CyDypP3uwX_/","Bridgestone Arena","413389774","https://scontent-ord5-1.cdninstagram.com/v/t51.2885-15/386907761_342558088228429_9132855702201216369_n.jpg?stp=dst-jpg_e35_p1080x1080&_nc_ht=scontent-ord5-1.cdninstagram.com&_nc_cat=101&_nc_ohc=jkFAQskcdR4AX-d5rlV&edm=AP_V10EBAAAA&ccb=7-5&oh=00_AfCd6E6gLaBKZNwqSKlehJ0EmmX3ICd-F-zT4mwhmTaCqQ&oe=654BA2F4&_nc_sid=2999b8","1973","5","3207630096483157503","Nashville Predators"
"2023-10-07T15:50:33.000Z",,"Image","false","predsnhl",,,"LAUZY DAYS","3838","https://www.instagram.com/p/CyHtVTRudoa/","Bridgestone Arena","413389774","https://instagram.fmel14-2.fna.fbcdn.net/v/t51.2885-15/386367106_1345101663065527_2252185164064170542_n.jpg?stp=dst-jpg_e35_p1080x1080&_nc_ht=instagram.fmel14-2.fna.fbcdn.net&_nc_cat=107&_nc_ohc=aYWeJJSZ9UkAX80MDhX&edm=AP_V10EBAAAA&ccb=7-5&oh=00_AfDACRL7B3_IoUo1y8WzftUdIqym2KYiOyGHCFMf00UPKQ&oe=654B0549&_nc_sid=2999b8","1338","5","3208732635425266202","Nashville Predators"
"2023-09-30T19:35:56.000Z",,"Sidecar","false","predsnhl",,,"Game ready","1813149532276576","https://www.instagram.com/p/Cx0_IYxuXFp/","Amelie Arena","413389774","https://instagram.fuln6-1.fna.fbcdn.net/v/t51.2885-15/384381920_936940594470727_7491976260158628502_n.jpg?stp=dst-jpg_e35_p1080x1080&_nc_ht=instagram.fuln6-1.fna.fbcdn.net&_nc_cat=107&_nc_ohc=tkOhTBheenYAX-a7Ro6&edm=AP_V10EBAAAA&ccb=7-5&oh=00_AfDWxNrckNr2hiVtanpDUxHa83Kf56znHJol9Oqg1Dc-fA&oe=654BF138&_nc_sid=2999b8","3532","11","3203462888257319273","Nashville Predators"
"2023-10-05T23:56:25.000Z",,"Sidecar","false","predsnhl",,,"Thursday Night Hockey 🔜","3838","https://www.instagram.com/p/CyCU6lZOY-O/","Bridgestone Arena","413389774","https://instagram.fqrc1-1.fna.fbcdn.net/v/t51.2885-15/386247151_869316997955726_1403240659653912950_n.jpg?stp=dst-jpg_e35_s1080x1080&_nc_ht=instagram.fqrc1-1.fna.fbcdn.net&_nc_cat=102&_nc_ohc=RYqU3IJpcFIAX-LRd0y&edm=AP_V10EBAAAA&ccb=7-5&oh=00_AfCuct6sYYc-7O6pF50rW9qKF3SjWKXALxWp_QPJY35yLQ&oe=654CF8FA&_nc_sid=2999b8","3004","22","3207217871452737422","Nashville Predators"
"2023-09-30T14:26:00.000Z",,"Image","false","predsnhl",,,"Takin’ our talents to Tampa ✈️","2678028","https://www.instagram.com/p/Cx0bqXHu1DX/","Amalie Arena","413389774","https://scontent-sjc3-1.cdninstagram.com/v/t51.2885-15/384568550_1015110769635108_7502744557622387314_n.jpg?stp=dst-jpg_e35_p1080x1080&_nc_ht=scontent-sjc3-1.cdninstagram.com&_nc_cat=100&_nc_ohc=r6074dKyBFgAX-Vvcwn&edm=AP_V10EBAAAA&ccb=7-5&oh=00_AfBahoBBeNrySNQEt7rEZtwyN6IFzgDaiGG63gMhRwfKMg&oe=654C74A8&_nc_sid=2999b8","1986","4","3203306893266866391","Nashville Predators"
"2023-10-06T02:51:05.000Z",,"Sidecar","false","predsnhl",,,"PREDS WIN‼️","3838","https://www.instagram.com/p/CyCo545usOq/","Bridgestone Arena","413389774","https://instagram.futp1-2.fna.fbcdn.net/v/t51.2885-15/386183292_1057666165414823_5287545006974322970_n.jpg?stp=dst-jpg_e35&_nc_ht=instagram.futp1-2.fna.fbcdn.net&_nc_cat=111&_nc_ohc=j8EOZyy9SMMAX8xAOmv&edm=AP_V10EBAAAA&ccb=7-5&oh=00_AfCurek8El1Y6mhAArR4F9NRIRaiuz68A3RviqhTqdhIaw&oe=654B6856&_nc_sid=2999b8","4914","21","3207305784609915818","Nashville Predators"
"2023-10-02T15:33:26.000Z",,"Image","false","predsnhl",,,"🗣️ GLASSER DAYS","3838","https://www.instagram.com/p/Cx5s-CxO2RN/","Bridgestone Arena","413389774","https://instagram.ftru2-3.fna.fbcdn.net/v/t51.2885-15/385126198_332036932695001_1174139153834381352_n.jpg?stp=dst-jpg_e35_p1080x1080&_nc_ht=instagram.ftru2-3.fna.fbcdn.net&_nc_cat=101&_nc_ohc=dhjc-qjztWYAX-11UP8&edm=AP_V10EBAAAA&ccb=7-5&oh=00_AfDI5T-zXxWtPWsqxsL05SsUhwwZP8fQpxVvkHy3Homt5w&oe=654CBE95&_nc_sid=2999b8","2050","11","3204790387478324301","Nashville Predators"
"2023-10-09T20:49:17.000Z",,"Sidecar","false","predsnhl",,,"Y’all *have* to wear gold and leave work at 4pm tomorrow. Those are the rules, right Mayor O’Connell? 😌","3838","https://www.instagram.com/p/CyMSrcdurln/","Bridgestone Arena","413389774","https://instagram.fnic4-1.fna.fbcdn.net/v/t51.2885-15/387659424_835914314998430_1085062994517253978_n.jpg?stp=dst-jpg_e35_p1080x1080&_nc_ht=instagram.fnic4-1.fna.fbcdn.net&_nc_cat=102&_nc_ohc=1Y8KNKRM9kEAX_yjbvH&edm=AP_V10EBAAAA&ccb=7-5&oh=00_AfCpCqk5UUk_TCzUs4e2v44sQd-QHCZcEBygUzTdrjVr6A&oe=654CAEA2&_nc_sid=2999b8","6929","27","3210022784746568039","Nashville Predators"
"2023-10-10T21:29:26.000Z",,"Video","false","predsnhl","clips",,"LET’S DO THIS!","2678028","https://www.instagram.com/p/CyO8AqDussS/","Amalie Arena","413389774","https://instagram.fbom51-1.fna.fbcdn.net/v/t51.2885-15/387780670_728186359145437_1627025848398926768_n.jpg?stp=dst-jpg_e15&_nc_ht=instagram.fbom51-1.fna.fbcdn.net&_nc_cat=101&_nc_ohc=4Oos36r2DYEAX_lLjFF&edm=AP_V10EBAAAA&ccb=7-5&oh=00_AfBWko7pFgHf218353hjKlaBx15q3qie5sLomMEL_fL6MA&oe=6548765F&_nc_sid=2999b8","2842","35","3210767512312138514","Nashville Predators"
"2023-09-29T17:27:00.000Z",,"Image","false","predsnhl",,,"that friday feeling","848597885484585","https://www.instagram.com/p/CxyLlJyO_NU/","Ford Ice Center Bellevue","413389774","https://scontent-lhr8-1.cdninstagram.com/v/t51.2885-15/384121231_853295209377187_3838406461606473194_n.jpg?stp=dst-jpg_e35_s1080x1080&_nc_ht=scontent-lhr8-1.cdninstagram.com&_nc_cat=107&_nc_ohc=D6Z6ze7BrTsAX-POatS&edm=AP_V10EBAAAA&ccb=7-5&oh=00_AfBM36TycefngG0m0N992FcnWv38DXHp7BDhJ_sXKvQSLQ&oe=654C045A&_nc_sid=2999b8","1328","2","3202673216652571476","Nashville Predators"
"2023-10-05T15:52:51.000Z",,"Sidecar","false","predsnhl",,,"These Hispanic Heritage Month jerseys 🔥 ¡Vamos Predadores!

Text Preds to 76278 to bid on the jerseys and nameplates! Proceeds benefit orgs in the Latin community through the Preds Foundation and GUIDER program.","3838","https://www.instagram.com/p/CyBdkyUuCUz/","Bridgestone Arena","413389774","https://scontent-bos5-1.cdninstagram.com/v/t51.2885-15/386346859_1798607217287407_428265213998622672_n.jpg?stp=dst-jpg_e35&_nc_ht=scontent-bos5-1.cdninstagram.com&_nc_cat=107&_nc_ohc=uOlph-kLuAcAX8gU2_X&edm=AP_V10EBAAAA&ccb=7-5&oh=00_AfAnTVPsYnwjP2UF7vMnpNRdpaAvKE4fUMxL6jclL2D8Iw&oe=654CB7B4&_nc_sid=2999b8","4868","63","3206974480949191987","Nashville Predators"
"2023-09-29T02:50:25.000Z",,"Sidecar","false","predsnhl",,,"Thanks for the love Clarksville 🫶","102186458380776","https://www.instagram.com/p/CxwnQzpMCM5/","F&M Bank Arena","413389774","https://scontent-atl3-1.cdninstagram.com/v/t51.2885-15/383849188_831715348447930_1746740503201315382_n.jpg?stp=dst-jpg_e35_s1080x1080&_nc_ht=scontent-atl3-1.cdninstagram.com&_nc_cat=110&_nc_ohc=xLIElvsUUOAAX9KDvxM&edm=AP_V10EBAAAA&ccb=7-5&oh=00_AfC3o9QUed2y7HZ8PhIUOojtjR91uRdV2BpEv-kGDA1low&oe=654C6BE9&_nc_sid=2999b8","2895","10","3202232013837837113","Nashville Predators"
"2023-09-27T15:02:27.000Z",,"Image","false","predsnhl",,,"WE PLAY HOCKEY AT HOME TODAY","3838","https://www.instagram.com/p/Cxsxcupu1IV/","Bridgestone Arena","413389774","https://instagram.fosu2-1.fna.fbcdn.net/v/t51.2885-15/384309126_279723978269277_6301338932138179292_n.jpg?stp=dst-jpg_e35_p1080x1080&_nc_ht=instagram.fosu2-1.fna.fbcdn.net&_nc_cat=109&_nc_ohc=inV6hskFg6wAX-v-MOz&edm=AP_V10EBAAAA&ccb=7-5&oh=00_AfAtNWvu3Zj4rXGqkHhaWxuD5M-EyIgSfMn4OjzV8pfMmA&oe=654C155D&_nc_sid=2999b8","2851","31","3201150913670238741","Nashville Predators"
"2023-09-26T13:21:42.000Z",,"Sidecar","false","predsnhl",,,"GOOD MORNIN","3838","https://www.instagram.com/p/CxqBH7_Oiq8/","Bridgestone Arena","413389774","https://instagram.ffor45-1.fna.fbcdn.net/v/t51.2885-15/382675745_714946337344020_3685226520867700226_n.jpg?stp=dst-jpg_e35_s1080x1080&_nc_ht=instagram.ffor45-1.fna.fbcdn.net&_nc_cat=100&_nc_ohc=wRgeWZq0ooYAX_iOuVf&edm=AP_V10EBAAAA&ccb=7-5&oh=00_AfApQNYyGWy37mji7DcrlTbLhiJEvQFjm0gIhUfejip4qA&oe=654BB36B&_nc_sid=2999b8","9998","76","3200375428694551228","Nashville Predators"
"2023-09-25T17:37:04.000Z",,"Video","false","predsnhl","clips",,"The fabric of our jersey. The fabric of Smashville. 

We’re excited to announce a reunion 12,000 years in the making. @regionsbank, welcome back to Smashville!",,"https://www.instagram.com/p/Cxn4PevLh02/",,"413389774","https://instagram.fyxd3-1.fna.fbcdn.net/v/t51.2885-15/382259682_645454964321374_8170364069483847824_n.jpg?stp=dst-jpg_e15&_nc_ht=instagram.fyxd3-1.fna.fbcdn.net&_nc_cat=110&_nc_ohc=SEvwA9iwbrUAX8vB3P_&edm=AP_V10EBAAAA&ccb=7-5&oh=00_AfDQ2ZqetW1xWbVIHngX30PPAYxjCzRylxTJJvgztDsmBw&oe=65486E1D&_nc_sid=2999b8","3805","115","3199773414670605622","Nashville Predators"
"2023-09-27T23:56:55.000Z",,"Video","false","predsnhl","clips",,"Y’ALL HEARD HIM","3838","https://www.instagram.com/p/CxtuiGgMgKM/","Bridgestone Arena","413389774","https://scontent-ord5-2.cdninstagram.com/v/t51.2885-15/383075607_699574824890128_4637114260947310144_n.jpg?stp=dst-jpg_e15&_nc_ht=scontent-ord5-2.cdninstagram.com&_nc_cat=104&_nc_ohc=fLjU0DkyOKEAX_LEwAM&edm=AP_V10EBAAAA&ccb=7-5&oh=00_AfB1zylGph1HtaX_YqkWto64Y-XQ30l7ey1uEgvAm6I7Bg&oe=6548789B&_nc_sid=2999b8","2400","3","3201419563714609804","Nashville Predators"
"2023-09-28T02:18:20.000Z",,"Sidecar","false","predsnhl",,,"TOP SHELF TOMMY","3838","https://www.instagram.com/p/Cxt-zAmMQos/","Bridgestone Arena","413389774","https://instagram.fslc3-1.fna.fbcdn.net/v/t51.2885-15/384018138_3452503804973173_480047735581098685_n.jpg?stp=dst-jpg_e35_s1080x1080&_nc_ht=instagram.fslc3-1.fna.fbcdn.net&_nc_cat=101&_nc_ohc=EYNeK5yu8DsAX_QXbnG&edm=AP_V10EBAAAA&ccb=7-5&oh=00_AfBIQ6qDoNJ1N0XrRMaH7PTX5zKTp3SvOLdI1j9JzEShkg&oe=654CF3D5&_nc_sid=2999b8","4293","22","3201491094348040748","Nashville Predators"
"2023-09-23T15:43:08.000Z",,"Image","false","predsnhl",,,"✌️ media day mems ✌️","3838","https://www.instagram.com/p/Cxii7GVuuHb/","Bridgestone Arena","413389774","https://scontent-ord5-1.cdninstagram.com/v/t51.2885-15/381544145_273269028940820_3322739586586177645_n.jpg?stp=dst-jpg_e35_s1080x1080&_nc_ht=scontent-ord5-1.cdninstagram.com&_nc_cat=108&_nc_ohc=aR7u87Fb-0oAX_HADSC&edm=AP_V10EBAAAA&ccb=7-5&oh=00_AfAW8o7F2pK7SdbFOhnGnj1HjJG8z7P2yj62G1froOLpDA&oe=654CB503&_nc_sid=2999b8","4318","12","3198272280223998427","Nashville Predators"
"2023-09-22T16:52:29.000Z",,"Image","false","predsnhl",,,"COACH PEKKA","848597885484585","https://www.instagram.com/p/CxgGEKjuiYE/","Ford Ice Center Bellevue","413389774","https://scontent-mia3-1.cdninstagram.com/v/t51.2885-15/380734427_694395242114076_2643471444112598552_n.jpg?stp=dst-jpg_e35_s1080x1080&_nc_ht=scontent-mia3-1.cdninstagram.com&_nc_cat=100&_nc_ohc=FzMhFq60eOwAX-uvszL&edm=AP_V10EBAAAA&ccb=7-5&oh=00_AfCgNE9efVux1RsrJuuFKbXj2Ou_zsGHDpkKNQr4jhZt_A&oe=654BE319&_nc_sid=2999b8","7439","34","3197582409926845956","Nashville Predators"
"2023-09-25T12:32:37.000Z",,"Image","false","predsnhl",,,"WAKE UP IT’S GAME DAY",,"https://www.instagram.com/p/CxnWtiouu7S/",,"413389774","https://instagram.fscl19-1.fna.fbcdn.net/v/t51.2885-15/382813286_860348698615566_1231415836305833634_n.jpg?stp=dst-jpg_e35_s1080x1080&_nc_ht=instagram.fscl19-1.fna.fbcdn.net&_nc_cat=106&_nc_ohc=cr76JyFNJ0QAX-A6ZrR&edm=AP_V10EBAAAA&ccb=7-5&oh=00_AfBm-nYq4YUbMc8wArbEGoGcGNN_D4CkY-FKjx5J8tRgXA&oe=654CAC91&_nc_sid=2999b8","1702","14","3199625946860285650","Nashville Predators"
"2023-09-28T15:29:25.000Z","NHL24","Video","false","predsnhl","clips",,"In honor of #NHL24 Ratings Week we give you this 🙌","3838","https://www.instagram.com/p/CxvZRg5ujfL/","Bridgestone Arena","413389774","https://scontent-mia3-1.cdninstagram.com/v/t51.2885-15/383201922_988236465565572_3456915962291909316_n.jpg?stp=dst-jpg_e15&_nc_ht=scontent-mia3-1.cdninstagram.com&_nc_cat=100&_nc_ohc=WIHIXDgdvh4AX9GWgBh&edm=AP_V10EBAAAA&ccb=7-5&oh=00_AfDRB46McC511rA4WTNxwVJnAHYGyh90ev7b8VpN81nm2A&oe=654860A2&_nc_sid=2999b8","4606","47","3201889014805837771","Nashville Predators"
"2023-09-23T17:41:01.000Z",,"Image","false","predsnhl",,,"1️⃣7️⃣‼️","3838","https://www.instagram.com/p/CxiwanbugWa/","Bridgestone Arena","413389774","https://scontent-sjc3-1.cdninstagram.com/v/t51.2885-15/382954796_673313971155797_8851061139982818559_n.jpg?stp=dst-jpg_e35_p1080x1080&_nc_ht=scontent-sjc3-1.cdninstagram.com&_nc_cat=105&_nc_ohc=GLgMvbhK5L0AX_RyE79&edm=AP_V10EBAAAA&ccb=7-5&oh=00_AfDkjEaEsVz589vphR__yovM8crrlCMp-189Qgq9D1Ij3w&oe=654C08A9&_nc_sid=2999b8","1547","3","3198331620666508698","Nashville Predators"
"2023-10-10T12:15:52.000Z",,"Image","false","predsnhl",,,"WE’RE BACK","2678028","https://www.instagram.com/p/CyN8t52uVmw/","Amalie Arena","413389774","https://scontent-sjc3-1.cdninstagram.com/v/t51.2885-15/387270318_1545559079517521_5006218188531072002_n.jpg?stp=dst-jpg_e35_p1080x1080&_nc_ht=scontent-sjc3-1.cdninstagram.com&_nc_cat=105&_nc_ohc=UaAzRqZlJO4AX_sLI9f&edm=AP_V10EBAAAA&ccb=7-5&oh=00_AfBuW4BW5QfavD4K7XrRf4SvJnqz3baaLC5xH9zWZwB5wA&oe=654C14A6&_nc_sid=2999b8","3752","35","3210489146673551792","Nashville Predators"
"2023-09-18T20:44:50.000Z",,"Image","false","predsnhl",,,"✌️ ✌️","3838","https://www.instagram.com/p/CxWNehQuENA/","Bridgestone Arena","413389774","https://instagram.ftru3-1.fna.fbcdn.net/v/t51.2885-15/375285918_715843923704226_2133984488941066992_n.jpg?stp=dst-jpg_e35_p1080x1080&_nc_ht=instagram.ftru3-1.fna.fbcdn.net&_nc_cat=106&_nc_ohc=6hYsJS32mw8AX_7bhYD&edm=AP_V10EBAAAA&ccb=7-5&oh=00_AfDSQxlg-QsEMKuuL4-D7UOAQsKreW1QSbRX3rr17iBN-Q&oe=654B1D83&_nc_sid=2999b8","1673","5","3194800257568883520","Nashville Predators"
"2023-09-21T18:27:57.000Z",,"Sidecar","false","predsnhl",,,"first day of camp 😄","848597885484585","https://www.instagram.com/p/CxdsMg7urmr/","Ford Ice Center Bellevue","413389774","https://instagram.fhkg3-2.fna.fbcdn.net/v/t51.2885-15/380361338_1212387096829979_2810975911947175211_n.jpg?stp=dst-jpg_e35_s1080x1080&_nc_ht=instagram.fhkg3-2.fna.fbcdn.net&_nc_cat=111&_nc_ohc=BqYkfTVSaQUAX9_Panz&edm=AP_V10EBAAAA&ccb=7-5&oh=00_AfDbPLJcc1Pmu4_JVDnrpSNJ1ViZwaS9PBXKWMqv7stbUQ&oe=654B7179&_nc_sid=2999b8","2998","16","3196905684544960939","Nashville Predators"
"2023-09-17T00:19:30.000Z",,"Sidecar","false","predsnhl",,,"some showcase snaps 📸","118939","https://www.instagram.com/p/CxRcdCrsc0U/","Hertz Arena","413389774","https://instagram.fjal1-1.fna.fbcdn.net/v/t51.2885-15/379767354_637240821579709_2225463765813666076_n.jpg?stp=dst-jpg_e35_p1080x1080&_nc_ht=instagram.fjal1-1.fna.fbcdn.net&_nc_cat=101&_nc_ohc=xsnnni1MjOAAX8R4sBp&edm=AP_V10EBAAAA&ccb=7-5&oh=00_AfC6-qUAsJakVoMsky53rYw5b4v1skr1A5QLZo9sCGkRyg&oe=654CC1E2&_nc_sid=2999b8","4206","22","3193458751830084884","Nashville Predators"
"2023-10-06T23:02:43.000Z",,"Image","false","predsnhl",,,"GAME TIME in Carolina!","112359","https://www.instagram.com/p/CyEzkLlOiq1/","PNC Arena","413389774","https://scontent-sof1-1.cdninstagram.com/v/t51.2885-15/386846520_990444048738509_4540351438007384584_n.jpg?stp=dst-jpg_e35_s1080x1080&_nc_ht=scontent-sof1-1.cdninstagram.com&_nc_cat=105&_nc_ohc=ZkGOGw46nesAX8QRJPY&edm=AP_V10EBAAAA&ccb=7-5&oh=00_AfD_3hRokMYTyfFS4mQN0Bapii46---94jB3ro9LOf9Q-Q&oe=654C6137&_nc_sid=2999b8","2838","11","3207915621303593653","Nashville Predators"
"2023-09-13T13:50:00.000Z",,"Image","false","predsnhl",,,"BIG MAC","3838","https://www.instagram.com/p/CxImC6rOa4h/","Bridgestone Arena","413389774","https://instagram.falg5-1.fna.fbcdn.net/v/t51.2885-15/374590533_995012998479847_2862062053937894904_n.jpg?stp=dst-jpg_e35_p1080x1080&_nc_ht=instagram.falg5-1.fna.fbcdn.net&_nc_cat=107&_nc_ohc=uIukDfXu4MIAX9HRJzp&edm=AP_V10EBAAAA&ccb=7-5&oh=00_AfAsuyQsV6JpUtrwuMndUf8i9O22ZF4FGVDdVDLffYGREQ&oe=654C5F2D&_nc_sid=2999b8","1592","5","3190967662200598049","Nashville Predators"
"2023-09-14T12:55:00.000Z",,"Image","false","predsnhl",,,"TOMMER","3838","https://www.instagram.com/p/CxLElW2uRAn/","Bridgestone Arena","413389774","https://scontent-lga3-2.cdninstagram.com/v/t51.2885-15/374741379_279550028176104_527681351992133351_n.jpg?stp=dst-jpg_e35_p1080x1080&_nc_ht=scontent-lga3-2.cdninstagram.com&_nc_cat=100&_nc_ohc=OlXKuRarInoAX8DUKNF&edm=AP_V10EBAAAA&ccb=7-5&oh=00_AfB03ewTWyQKW_-Rb9TVTbSEg3Roql-C1RRGnvpucVnSeQ&oe=654CDDD7&_nc_sid=2999b8","1795","5","3191664920269230119","Nashville Predators"
"2023-09-12T22:08:05.000Z",,"Video","false","predsnhl","clips",,"Gus makes it look easy ⛳️","4304486","https://www.instagram.com/p/CxG2szjuS2K/","Vanderbilt Legends Club","413389774","https://instagram.fbrs5-1.fna.fbcdn.net/v/t51.2885-15/377279031_286304367447174_2602567859069377059_n.jpg?stp=dst-jpg_e15_fr_p1080x1080&_nc_ht=instagram.fbrs5-1.fna.fbcdn.net&_nc_cat=106&_nc_ohc=FOK65df_2QEAX9cAO9J&edm=AP_V10EBAAAA&ccb=7-5&oh=00_AfChplic-TrjsytSvcobPpLTSaKST2pE2mpdv9n28PRY0A&oe=6548ECC6&_nc_sid=2999b8","773","5","3190477959567322506","Nashville Predators"
"2023-09-17T14:00:21.000Z",,"Image","false","predsnhl",,,"Be honest, how often do you think of the Roman ̶E̶m̶p̶i̶r̶e̶?","3838","https://www.instagram.com/p/CxS6ZHZONZx/","Bridgestone Arena","413389774","https://scontent-lhr8-2.cdninstagram.com/v/t51.2885-15/379135374_855356212653174_1084912299870605217_n.jpg?stp=dst-jpg_e35&_nc_ht=scontent-lhr8-2.cdninstagram.com&_nc_cat=106&_nc_ohc=bU3nH9cGC2MAX-LVhus&edm=AP_V10EBAAAA&ccb=7-5&oh=00_AfD9nFwqpYI3cVUngfFKanL0uuQSZ47Ba4nQczk-eUp94w&oe=654C755F&_nc_sid=2999b8","6947","60","3193871898383013489","Nashville Predators"
"2023-09-20T21:09:51.000Z",,"Video","false","predsnhl","clips",,"🦷","3838","https://www.instagram.com/p/CxbYn-YPsj8/","Bridgestone Arena","413389774","https://instagram.fhrk5-2.fna.fbcdn.net/v/t51.2885-15/380900909_758471799622936_8202605486214126191_n.jpg?stp=dst-jpg_e15&_nc_ht=instagram.fhrk5-2.fna.fbcdn.net&_nc_cat=104&_nc_ohc=SyB6gDktTQkAX8K4CqW&edm=AP_V10EBAAAA&ccb=7-5&oh=00_AfChbPvq3EdMUzyQqtcTKKP4MNLdl9TYYYrAFxZr3Tci6w&oe=654889D3&_nc_sid=2999b8","1751","6","3196256660704119036","Nashville Predators"
"2023-09-15T21:11:26.000Z",,"Video","false","predsnhl","clips",,"😍","3838","https://www.instagram.com/p/CxOiHVKOW1x/","Bridgestone Arena","413389774","https://scontent-den4-1.cdninstagram.com/v/t51.2885-15/378050661_1246826719203057_4974546900153660469_n.jpg?stp=dst-jpg_e15_fr_p1080x1080&_nc_ht=scontent-den4-1.cdninstagram.com&_nc_cat=109&_nc_ohc=06fy5SsOxGsAX_DxUPe&edm=AP_V10EBAAAA&ccb=7-5&oh=00_AfBwhH6UjKNbcpd8wA5k4Tqwv2b9qIj2X-sPM67jrqbZEQ&oe=6548F279&_nc_sid=2999b8","2368","22","3192639223190089073","Nashville Predators"
"2023-09-13T13:38:27.000Z",,"Sidecar","false","predsnhl",,,"Look at this distinguished gentleman 

📍 NHL Player Media Tour",,"https://www.instagram.com/p/CxIktPOugfn/",,"413389774","https://instagram.fcxh3-1.fna.fbcdn.net/v/t51.2885-15/377778553_1507098300058412_2915307705897047121_n.jpg?stp=dst-jpg_e35_p1080x1080&_nc_ht=instagram.fcxh3-1.fna.fbcdn.net&_nc_cat=108&_nc_ohc=X2z-oh2FCHoAX_g3B-B&edm=AP_V10EBAAAA&ccb=7-5&oh=00_AfDxckWsYfsWMWkRoJfXzlEtM-o7gDor91qpUfQ8xBmo-w&oe=654C2AFB&_nc_sid=2999b8","9223","46","3190961774396049383","Nashville Predators"
"2023-09-16T19:08:54.000Z",,"Video","false","predsnhl","clips",,"@reid.schaefer takes us through his day at the rookie showcase","235930833","https://www.instagram.com/p/CxQ368nOwLF/","Estero, Florida","413389774","https://scontent-atl3-2.cdninstagram.com/v/t51.2885-15/379095840_1063333874832937_5989321287831560261_n.jpg?stp=dst-jpg_e35_p1080x1080_sh0.08&_nc_ht=scontent-atl3-2.cdninstagram.com&_nc_cat=101&_nc_ohc=4kvomD4jSQwAX-DbCoH&edm=AP_V10EBAAAA&ccb=7-5&oh=00_AfBumVyHs5UBuU6oKY2pGzcJ6CFKyqvCh2ThaswIP9DRtw&oe=6548B185&_nc_sid=2999b8","962","3","3193298079176131269","Nashville Predators"
"2023-09-08T13:45:00.000Z",,"Image","false","predsnhl",,,"LANKY DAYS","3838","https://www.instagram.com/p/Cw7tizjus3F/","Bridgestone Arena","413389774","https://scontent-lga3-2.cdninstagram.com/v/t51.2885-15/374759009_163293383478300_2202147598494404386_n.jpg?stp=dst-jpg_e35_p1080x1080&_nc_ht=scontent-lga3-2.cdninstagram.com&_nc_cat=100&_nc_ohc=kDAj6wVXzecAX9WYzDV&edm=AP_V10EBAAAA&ccb=7-5&oh=00_AfDY-hCnkGXC3E9LWIdVs8-G_GxaiIjHHbVFPFY1ORWyhA&oe=654CAF07&_nc_sid=2999b8","2291","7","3187341465210244549","Nashville Predators"
"2023-09-10T14:35:43.000Z",,"Image","false","nhl",,,"The style in Music City 😎

Are you adding these @predsnhl jerseys to your collection?",,"https://www.instagram.com/p/CxA83-VuIy4/",,"19237590","https://scontent-ord5-2.cdninstagram.com/v/t51.2885-15/377509081_257065540632283_1270175437949699237_n.jpg?stp=dst-jpg_e35_p1080x1080&_nc_ht=scontent-ord5-2.cdninstagram.com&_nc_cat=107&_nc_ohc=RYKAoYJM-xkAX_NxEH7&edm=AP_V10EBAAAA&ccb=7-5&oh=00_AfBiG8MsuPUoLkXK4FV4zGE3DVpaIWb70kV60bAybY636w&oe=654BA4C2&_nc_sid=2999b8","20142","98","3188816265476607160","NHL"
"2023-09-05T14:05:00.000Z",,"Image","false","predsnhl",,,"PEKS 💛","3838","https://www.instagram.com/p/Cw0BeiWurM4/","Bridgestone Arena","413389774","https://scontent-fco2-1.cdninstagram.com/v/t51.2885-15/371719866_254931773534354_1355804506981471155_n.jpg?stp=dst-jpg_e35_p1080x1080&_nc_ht=scontent-fco2-1.cdninstagram.com&_nc_cat=102&_nc_ohc=GLosq9N4-2cAX9rKluK&edm=AP_V10EBAAAA&ccb=7-5&oh=00_AfAiPQzF407jQECkdOhBP8_loDyMlbjDNP6gevhGujpMTw&oe=654C993C&_nc_sid=2999b8","4826","33","3185177332977152824","Nashville Predators"
"2023-09-18T13:22:41.000Z",,"Video","false","predsnhl","clips",,"some Coach Rallo mic’d up to start your Monday","118939","https://www.instagram.com/p/CxVaxX0OAlr/","Hertz Arena","413389774","https://instagram.fogx1-2.fna.fbcdn.net/v/t51.2885-15/379586406_1004764947530203_4601910233362125642_n.jpg?stp=dst-jpg_e35_p1080x1080_sh0.08&_nc_ht=instagram.fogx1-2.fna.fbcdn.net&_nc_cat=107&_nc_ohc=3tU4HPZB3mwAX8n30rB&edm=AP_V10EBAAAA&ccb=7-5&oh=00_AfBjeG3C1oxdKULfEWYJjFG9DP-ypAcoYpu6xP5z2dQzbQ&oe=6548F3CE&_nc_sid=2999b8","3321","6","3194577252725033323","Nashville Predators"
"2023-09-07T12:40:00.000Z",,"Image","false","predsnhl",,,"GETTIN’ CLOSER","3838","https://www.instagram.com/p/Cw5BWWzOrQO/","Bridgestone Arena","413389774","https://instagram.fpos10-1.fna.fbcdn.net/v/t51.2885-15/374585318_2652389008271416_4492142380355067990_n.jpg?stp=dst-jpg_e35_p1080x1080&_nc_ht=instagram.fpos10-1.fna.fbcdn.net&_nc_cat=104&_nc_ohc=xZrFhicQztoAX_GIRfl&edm=AP_V10EBAAAA&ccb=7-5&oh=00_AfBRrfqEqMTdR54EwmT8KL06Tf4NrpLoo3JP3A7jt9U49Q&oe=654B1B6A&_nc_sid=2999b8","2351","19","3186584145698141198","Nashville Predators"
"2023-09-11T21:39:43.000Z",,"Sidecar","false","predsnhl",,,"Always a great time on the links for the @first_horizon Brent Peterson Golf Classic ⛳️","4304486","https://www.instagram.com/p/CxESMWPuw1h/","Vanderbilt Legends Club","413389774","https://scontent-vie1-1.cdninstagram.com/v/t51.2885-15/376773797_619536333629717_8215335674926925614_n.jpg?stp=dst-jpg_e35_s1080x1080&_nc_ht=scontent-vie1-1.cdninstagram.com&_nc_cat=105&_nc_ohc=znDlOjvgVwwAX-1ffDv&edm=AP_V10EBAAAA&ccb=7-5&oh=00_AfCEIvA-fky6yYuwaLGyl99QCahVw24ELtKavIX9Juk2eQ&oe=654CF9C6&_nc_sid=2999b8","2031","7","3189754449442311521","Nashville Predators"
"2023-09-10T18:47:57.000Z",,"Sidecar","false","predsnhl",,,"we just 💛 @forsbergfilip’s hockey clinic presented by @deltadentaltn","848597885484585","https://www.instagram.com/p/CxBZveSOl8A/","Ford Ice Center Bellevue","413389774","https://instagram.fphs4-1.fna.fbcdn.net/v/t51.2885-15/377590960_282734334514635_2332653015066507983_n.jpg?stp=dst-jpg_e35_s1080x1080&_nc_ht=instagram.fphs4-1.fna.fbcdn.net&_nc_cat=103&_nc_ohc=4Yx32qCjj8EAX_5w2Hz&edm=AP_V10EBAAAA&ccb=7-5&oh=00_AfAaA_5TydXkGAWR8N_l6EUJVOkAK7a2Tjz3I1eOMZwcYg&oe=654C1B5B&_nc_sid=2999b8","2803","5","3188943224651276032","Nashville Predators"
"2023-09-11T12:50:00.000Z",,"Image","false","predsnhl",,,"2️⃣9️⃣ DAYS LEFT","3838","https://www.instagram.com/p/CxDVq0tOnL8/","Bridgestone Arena","413389774","https://instagram.fphs1-1.fna.fbcdn.net/v/t51.2885-15/375621182_151573944613593_938014789450021903_n.jpg?stp=dst-jpg_e35_p1080x1080&_nc_ht=instagram.fphs1-1.fna.fbcdn.net&_nc_cat=109&_nc_ohc=BwGgLGdE-o0AX8SciHh&edm=AP_V10EBAAAA&ccb=7-5&oh=00_AfBdfrrBn_3oqJ6g5oSM7h8hvFMR9svNYbn1nlEUWgxo4A&oe=654BAD75&_nc_sid=2999b8","2073","13","3189488262896579324","Nashville Predators"
"2023-09-12T17:53:03.000Z",,"Sidecar","false","predsnhl",,,"THE BOYS (and some new ones) ARE HERE","106220079409935","https://www.instagram.com/p/CxGdDBEOmEr/","Nashville, Tennessee","413389774","https://instagram.fcai20-2.fna.fbcdn.net/v/t51.2885-15/378039425_686727189991794_6346927501566079025_n.jpg?stp=dst-jpg_e35_s1080x1080&_nc_ht=instagram.fcai20-2.fna.fbcdn.net&_nc_cat=106&_nc_ohc=IQEuhdxV7ukAX_EUOLy&edm=AP_V10EBAAAA&ccb=7-5&oh=00_AfBeZVQTZDMUyfaugXouVfcoQZysfcwwzT9jJKZwvK-Onw&oe=654C4AE1&_nc_sid=2999b8","5614","27","3190365136690503979","Nashville Predators"
"2023-09-08T21:17:22.000Z",,"Sidecar","false","sportsnet",,,"A few picks from the Preds jersey collection 🤠",,"https://www.instagram.com/p/Cw8hP-UxohJ/",,"2679612","https://instagram.fman4-2.fna.fbcdn.net/v/t39.30808-6/376757092_18388041358055613_6676700469846426522_n.jpg?stp=dst-jpg_e35_p1080x1080_sh0.08&_nc_ht=instagram.fman4-2.fna.fbcdn.net&_nc_cat=109&_nc_ohc=IXR9XCgKT_kAX_0tCQq&edm=AP_V10EAAAAA&ccb=7-5&oh=00_AfAg5yrhL5dZ11VGov05y9bzLh1_xpj63u9-H0ohv1fw2g&oe=654C66D5&_nc_sid=2999b8","7437","157","3187568869519034441","Sportsnet"
